<?xml version="1.0" encoding="UTF-8"?>
<project-private xmlns="http://www.netbeans.org/ns/project-private/1">
    <editor-bookmarks xmlns="http://www.netbeans.org/ns/editor-bookmarks/2" lastBookmarkId="1">
        <file>
            <url>src/View_Controller/AddAppointmentController.java</url>
            <bookmark id="1">
                <name/>
                <line>301</line>
                <key/>
            </bookmark>
        </file>
    </editor-bookmarks>
    <open-files xmlns="http://www.netbeans.org/ns/projectui-open-files/2">
        <group>
            <file>file:/C:/Users/ryanh/Documents/NetBeansProjects/RyanHildebrantSoftware2/src/View_Controller/CustomerTableController.java</file>
            <file>file:/C:/Users/ryanh/Documents/NetBeansProjects/RyanHildebrantSoftware2/src/View_Controller/AddAppointmentController.java</file>
            <file>file:/C:/Users/ryanh/Documents/NetBeansProjects/RyanHildebrantSoftware2/src/Model/Appointment.java</file>
            <file>file:/C:/Users/ryanh/Documents/NetBeansProjects/RyanHildebrantSoftware2/src/View_Controller/MainScreenController.java</file>
            <file>file:/C:/Users/ryanh/Documents/NetBeansProjects/RyanHildebrantSoftware2/src/View_Controller/AppointmentScreenController.java</file>
            <file>file:/C:/Users/ryanh/Documents/NetBeansProjects/RyanHildebrantSoftware2/src/Model/DataProvider.java</file>
            <file>file:/C:/Users/ryanh/Documents/NetBeansProjects/RyanHildebrantSoftware2/src/View_Controller/ModifyAppointmentController.java</file>
        </group>
    </open-files>
</project-private>
